Model,BLEU ↑,chrF++ ↑,METEOR ↑,BERTScore ↑,LitTER ↓,Idiom Acc ↑
Base mBART,31.705229347155537,48.00900923048603,44.63591628011647,92.16562509536743,14.285714285714286,3.5714285714285716
mBART + RAG (Prompt),17.112858115822224,53.41333280913049,53.30835680885476,90.13538360595703,7.142857142857143,100.0
IARRT (Ours),19.13250664313635,55.994807705543984,52.58786743739107,91.84456467628479,14.285714285714286,100.0
